timestamp_s,prompt_length,max_new_tokens,second,index_in_second
1.000000,77,80,45,0
1.400000,1,80,45,1
2.000000,105,80,46,0
2.200000,78,80,46,1
2.400000,48,80,46,2
2.800000,42,80,46,3
3.111000,33,80,47,0
3.333000,105,80,47,1
3.500000,59,80,47,2
4.381000,57,80,48,0
4.476000,71,80,48,1
4.524000,80,80,48,2
4.572000,68,80,48,3
5.000000,71,80,49,0
5.039000,81,80,49,1
5.079000,69,80,49,2
5.237000,73,80,49,3
5.316000,54,80,49,4
5.395000,79,80,49,5
5.513000,52,80,49,6
5.553000,95,80,49,7
5.632000,66,80,49,8
6.033000,125,80,50,0
6.133000,103,80,50,1
6.200000,44,80,50,2
6.267000,133,80,50,3
6.300000,30,80,50,4
6.467000,26,80,50,5
6.733000,56,80,50,6
7.115000,94,80,51,0
7.173000,56,80,51,1
7.201000,120,80,51,2
7.431000,104,80,51,3
7.632000,55,80,51,4
7.661000,120,80,51,5
7.833000,94,80,51,6
8.173000,82,80,52,0
8.345000,30,80,52,1
8.402000,74,80,52,2
8.488000,54,80,52,3
8.546000,116,80,52,4
8.575000,72,80,52,5
8.661000,64,80,52,6
8.719000,102,80,52,7
8.776000,139,80,52,8
9.025000,95,80,53,0
9.101000,44,80,53,1
9.202000,86,80,53,2
9.278000,88,80,53,3
9.303000,66,80,53,4
9.328000,87,80,53,5
9.353000,60,80,53,6
9.454000,36,80,53,7
9.554000,48,80,53,8
9.630000,85,80,53,9
9.655000,39,80,53,10
9.781000,25,80,53,11
10.000000,82,80,54,0
10.067000,50,80,54,1
10.090000,67,80,54,2
10.135000,79,80,54,3
10.157000,57,80,54,4
10.179000,58,80,54,5
10.224000,74,80,54,6
10.247000,123,80,54,7
10.269000,94,80,54,8
10.359000,92,80,54,9
10.381000,75,80,54,10
10.404000,80,80,54,11
10.449000,112,80,54,12
10.494000,108,80,54,13
10.538000,78,80,54,14
11.040000,93,80,55,0
11.061000,82,80,55,1
11.081000,53,80,55,2
11.101000,119,80,55,3
11.121000,133,80,55,4
11.141000,87,80,55,5
11.303000,84,80,55,6
11.343000,61,80,55,7
11.383000,86,80,55,8
11.404000,47,80,55,9
11.424000,100,80,55,10
11.464000,69,80,55,11
11.546000,47,80,55,12
11.566000,69,80,55,13
11.707000,44,80,55,14
11.728000,114,80,55,15
11.828000,100,80,55,16
11.889000,72,80,55,17
12.073000,87,80,56,0
12.129000,57,80,56,1
12.165000,76,80,56,2
12.184000,53,80,56,3
12.202000,59,80,56,4
12.239000,115,80,56,5
12.312000,81,80,56,6
12.331000,75,80,56,7
12.367000,100,80,56,8
12.386000,70,80,56,9
12.422000,93,80,56,10
12.551000,91,80,56,11
12.643000,108,80,56,12
12.661000,111,80,56,13
12.808000,91,80,56,14
12.827000,78,80,56,15
13.017000,97,80,57,0
13.034000,5,80,57,1
13.135000,45,80,57,2
13.169000,138,80,57,3
13.185000,64,80,57,4
13.236000,67,80,57,5
13.270000,111,80,57,6
13.337000,112,80,57,7
13.438000,102,80,57,8
13.472000,32,80,57,9
13.488000,95,80,57,10
13.555000,100,80,57,11
13.690000,106,80,57,12
13.740000,133,80,57,13
13.774000,104,80,57,14
13.808000,121,80,57,15
13.825000,80,80,57,16
13.842000,39,80,57,17
13.858000,91,80,57,18
13.892000,84,80,57,19
14.084000,54,80,58,0
14.101000,68,80,58,1
14.118000,65,80,58,2
14.135000,109,80,58,3
14.286000,83,80,58,4
14.303000,25,80,58,5
14.388000,116,80,58,6
14.404000,42,80,58,7
14.438000,76,80,58,8
14.455000,42,80,58,9
14.472000,79,80,58,10
14.505000,104,80,58,11
14.555000,137,80,58,12
14.572000,13,80,58,13
14.589000,61,80,58,14
14.606000,90,80,58,15
14.656000,56,80,58,16
14.707000,155,80,58,17
14.724000,83,80,58,18
14.774000,91,80,58,19
14.842000,76,80,58,20
14.892000,32,80,58,21
14.909000,128,80,58,22
15.109000,100,80,59,0
15.233000,41,80,59,1
15.249000,46,80,59,2
15.264000,117,80,59,3
15.295000,30,80,59,4
15.357000,69,80,59,5
15.389000,110,80,59,6
15.528000,89,80,59,7
15.575000,86,80,59,8
15.590000,106,80,59,9
15.637000,107,80,59,10
15.653000,83,80,59,11
15.715000,42,80,59,12
15.761000,59,80,59,13
15.777000,90,80,59,14
15.823000,18,80,59,15
15.854000,81,80,59,16
15.870000,98,80,59,17
15.886000,75,80,59,18
15.901000,64,80,59,19
15.917000,102,80,59,20
16.000000,167,80,60,0
16.072000,2,80,60,1
16.087000,96,80,60,2
16.188000,109,80,60,3
16.202000,78,80,60,4
16.217000,60,80,60,5
16.245000,62,80,60,6
16.274000,87,80,60,7
16.332000,31,80,60,8
16.361000,94,80,60,9
16.448000,89,80,60,10
16.490000,89,80,60,11
16.505000,120,80,60,12
16.519000,92,80,60,13
16.533000,100,80,60,14
16.663000,109,80,60,15
16.692000,83,80,60,16
16.706000,68,80,60,17
16.750000,139,80,60,18
16.807000,70,80,60,19
16.851000,78,80,60,20
16.865000,61,80,60,21
16.894000,87,80,60,22
16.909000,74,80,60,23
16.923000,139,80,60,24
17.054000,84,80,61,0
17.121000,83,80,61,1
17.175000,93,80,61,2
17.229000,105,80,61,3
17.269000,91,80,61,4
17.336000,90,80,61,5
17.350000,24,80,61,6
17.404000,56,80,61,7
17.418000,54,80,61,8
17.431000,46,80,61,9
17.444000,71,80,61,10
17.538000,74,80,61,11
17.578000,1,80,61,12
17.605000,65,80,61,13
17.619000,106,80,61,14
17.646000,109,80,61,15
17.659000,91,80,61,16
17.686000,122,80,61,17
17.767000,111,80,61,18
17.781000,48,80,61,19
17.808000,9,80,61,20
17.834000,19,80,61,21
17.861000,43,80,61,22
17.875000,88,80,61,23
17.888000,95,80,61,24
18.051000,94,80,62,0
18.076000,54,80,62,1
18.126000,59,80,62,2
18.138000,63,80,62,3
18.164000,124,80,62,4
18.202000,44,80,62,5
18.214000,60,80,62,6
18.227000,107,80,62,7
18.265000,44,80,62,8
18.328000,74,80,62,9
18.353000,68,80,62,10
18.429000,118,80,62,11
18.467000,41,80,62,12
18.580000,85,80,62,13
18.631000,77,80,62,14
18.681000,125,80,62,15
18.694000,50,80,62,16
18.706000,71,80,62,17
18.719000,91,80,62,18
18.795000,114,80,62,19
18.833000,55,80,62,20
18.845000,107,80,62,21
18.858000,67,80,62,22
18.896000,68,80,62,23
18.908000,135,80,62,24
18.933000,91,80,62,25
19.024000,66,80,63,0
19.047000,140,80,63,1
19.119000,47,80,63,2
19.143000,50,80,63,3
19.166000,119,80,63,4
19.190000,91,80,63,5
19.202000,71,80,63,6
19.214000,85,80,63,7
19.237000,74,80,63,8
19.308000,104,80,63,9
19.332000,92,80,63,10
19.344000,120,80,63,11
19.368000,96,80,63,12
19.392000,103,80,63,13
19.404000,108,80,63,14
19.487000,54,80,63,15
19.498000,37,80,63,16
19.510000,81,80,63,17
19.557000,43,80,63,18
19.593000,47,80,63,19
19.665000,71,80,63,20
19.689000,131,80,63,21
19.701000,43,80,63,22
19.724000,110,80,63,23
19.736000,58,80,63,24
19.783000,91,80,63,25
19.807000,90,80,63,26
19.830000,52,80,63,27
19.842000,126,80,63,28
19.878000,71,80,63,29
19.890000,61,80,63,30
19.902000,60,80,63,31
20.047000,32,80,64,0
20.059000,63,80,64,1
20.071000,81,80,64,2
20.083000,115,80,64,3
20.119000,75,80,64,4
20.143000,52,80,64,5
20.166000,35,80,64,6
20.190000,101,80,64,7
20.202000,100,80,64,8
20.214000,59,80,64,9
20.226000,103,80,64,10
20.285000,60,80,64,11
20.320000,68,80,64,12
20.344000,95,80,64,13
20.368000,41,80,64,14
20.380000,110,80,64,15
20.404000,60,80,64,16
20.416000,129,80,64,17
20.463000,78,80,64,18
20.498000,53,80,64,19
20.510000,64,80,64,20
20.569000,53,80,64,21
20.581000,81,80,64,22
20.605000,103,80,64,23
20.617000,87,80,64,24
20.629000,57,80,64,25
20.665000,113,80,64,26
20.689000,65,80,64,27
20.701000,73,80,64,28
20.724000,90,80,64,29
20.830000,65,80,64,30
20.842000,72,80,64,31
20.878000,99,80,64,32
20.914000,68,80,64,33
21.090000,88,80,65,0
21.112000,66,80,65,1
21.157000,82,80,65,2
21.235000,72,80,65,3
21.246000,116,80,65,4
21.257000,75,80,65,5
21.302000,86,80,65,6
21.314000,104,80,65,7
21.336000,130,80,65,8
21.359000,54,80,65,9
21.370000,78,80,65,10
21.437000,136,80,65,11
21.460000,93,80,65,12
21.526000,94,80,65,13
21.560000,71,80,65,14
21.605000,96,80,65,15
21.728000,98,80,65,16
21.785000,65,80,65,17
21.841000,104,80,65,18
21.896000,57,80,65,19
22.011000,7,80,66,0
22.022000,117,80,66,1
22.045000,82,80,66,2
22.067000,96,80,66,3
22.079000,108,80,66,4
22.168000,136,80,66,5
22.179000,45,80,66,6
22.201000,70,80,66,7
22.224000,143,80,66,8
22.235000,111,80,66,9
22.269000,72,80,66,10
22.280000,116,80,66,11
22.370000,84,80,66,12
22.392000,56,80,66,13
22.471000,71,80,66,14
22.526000,6,80,66,15
22.537000,121,80,66,16
22.549000,9,80,66,17
22.582000,101,80,66,18
22.594000,79,80,66,19
22.605000,67,80,66,20
22.627000,111,80,66,21
22.672000,86,80,66,22
22.684000,62,80,66,23
22.717000,73,80,66,24
22.751000,85,80,66,25
22.785000,99,80,66,26
22.807000,19,80,66,27
22.818000,63,80,66,28
22.874000,18,80,66,29
22.896000,13,80,66,30
22.907000,78,80,66,31
22.919000,83,80,66,32
23.022000,34,80,67,0
23.045000,38,80,67,1
23.056000,59,80,67,2
23.079000,103,80,67,3
23.124000,85,80,67,4
23.179000,73,80,67,5
23.314000,17,80,67,6
23.381000,31,80,67,7
23.415000,128,80,67,8
23.437000,119,80,67,9
23.449000,110,80,67,10
23.471000,121,80,67,11
23.482000,91,80,67,12
23.493000,49,80,67,13
23.549000,70,80,67,14
23.560000,100,80,67,15
23.616000,45,80,67,16
23.684000,79,80,67,17
23.740000,57,80,67,18
23.762000,56,80,67,19
23.773000,21,80,67,20
23.785000,91,80,67,21
23.807000,37,80,67,22
23.818000,98,80,67,23
23.852000,66,80,67,24
23.863000,56,80,67,25
23.885000,94,80,67,26
23.896000,99,80,67,27
23.919000,113,80,67,28
23.941000,125,80,67,29
24.012000,57,80,68,0
24.035000,56,80,68,1
24.083000,21,80,68,2
24.107000,70,80,68,3
24.131000,170,80,68,4
24.155000,61,80,68,5
24.226000,67,80,68,6
24.296000,78,80,68,7
24.380000,115,80,68,8
24.416000,92,80,68,9
24.428000,108,80,68,10
24.463000,82,80,68,11
24.475000,85,80,68,12
24.487000,78,80,68,13
24.498000,86,80,68,14
24.522000,55,80,68,15
24.593000,77,80,68,16
24.617000,72,80,68,17
24.629000,43,80,68,18
24.677000,118,80,68,19
24.748000,96,80,68,20
24.795000,80,80,68,21
24.818000,37,80,68,22
24.902000,75,80,68,23
25.095000,7,80,69,0
25.119000,94,80,69,1
25.190000,85,80,69,2
25.202000,48,80,69,3
25.214000,72,80,69,4
25.226000,67,80,69,5
25.296000,99,80,69,6
25.356000,90,80,69,7
25.368000,41,80,69,8
25.404000,98,80,69,9
25.416000,72,80,69,10
25.440000,82,80,69,11
25.487000,153,80,69,12
25.498000,106,80,69,13
25.510000,143,80,69,14
25.557000,92,80,69,15
25.641000,95,80,69,16
25.665000,135,80,69,17
25.689000,61,80,69,18
25.701000,95,80,69,19
25.712000,107,80,69,20
25.724000,134,80,69,21
25.748000,68,80,69,22
25.783000,82,80,69,23
25.795000,124,80,69,24
25.807000,61,80,69,25
25.830000,120,80,69,26
25.842000,100,80,69,27
25.890000,94,80,69,28
25.926000,45,80,69,29
25.938000,85,80,69,30
26.000000,36,80,70,0
26.076000,107,80,70,1
26.088000,69,80,70,2
26.189000,68,80,70,3
26.240000,68,80,70,4
26.278000,83,80,70,5
26.290000,90,80,70,6
26.303000,55,80,70,7
26.366000,59,80,70,8
26.404000,77,80,70,9
26.416000,112,80,70,10
26.429000,50,80,70,11
26.442000,61,80,70,12
26.492000,114,80,70,13
26.504000,63,80,70,14
26.542000,58,80,70,15
26.580000,56,80,70,16
26.605000,42,80,70,17
26.618000,77,80,70,18
26.656000,62,80,70,19
26.669000,118,80,70,20
26.681000,96,80,70,21
26.694000,142,80,70,22
26.706000,138,80,70,23
26.744000,15,80,70,24
26.757000,96,80,70,25
26.795000,134,80,70,26
26.820000,109,80,70,27
26.833000,34,80,70,28
26.896000,121,80,70,29
26.908000,89,80,70,30
27.076000,74,80,71,0
27.101000,57,80,71,1
27.138000,84,80,71,2
27.189000,119,80,71,3
27.227000,72,80,71,4
27.240000,105,80,71,5
27.265000,54,80,71,6
27.278000,44,80,71,7
27.290000,82,80,71,8
27.303000,118,80,71,9
27.315000,61,80,71,10
27.340000,59,80,71,11
27.391000,108,80,71,12
27.404000,98,80,71,13
27.416000,123,80,71,14
27.467000,60,80,71,15
27.492000,87,80,71,16
27.504000,108,80,71,17
27.555000,76,80,71,18
27.631000,74,80,71,19
27.681000,34,80,71,20
27.757000,111,80,71,21
27.769000,60,80,71,22
27.795000,97,80,71,23
27.807000,66,80,71,24
27.820000,109,80,71,25
27.871000,68,80,71,26
27.883000,46,80,71,27
27.933000,80,80,71,28
28.040000,86,80,72,0
28.054000,44,80,72,1
28.121000,74,80,72,2
28.148000,13,80,72,3
28.242000,59,80,72,4
28.269000,57,80,72,5
28.283000,72,80,72,6
28.310000,92,80,72,7
28.323000,56,80,72,8
28.350000,86,80,72,9
28.431000,129,80,72,10
28.511000,84,80,72,11
28.525000,102,80,72,12
28.538000,31,80,72,13
28.578000,81,80,72,14
28.592000,148,80,72,15
28.605000,72,80,72,16
28.673000,64,80,72,17
28.794000,88,80,72,18
28.875000,68,80,72,19
28.888000,69,80,72,20
28.929000,94,80,72,21
29.027000,116,80,73,0
29.040000,1,80,73,1
29.067000,37,80,73,2
29.080000,20,80,73,3
29.094000,59,80,73,4
29.108000,109,80,73,5
29.148000,23,80,73,6
29.162000,67,80,73,7
29.256000,73,80,73,8
29.269000,95,80,73,9
29.310000,65,80,73,10
29.336000,63,80,73,11
29.363000,101,80,73,12
29.377000,86,80,73,13
29.390000,120,80,73,14
29.404000,71,80,73,15
29.444000,82,80,73,16
29.458000,114,80,73,17
29.485000,50,80,73,18
29.511000,79,80,73,19
29.538000,61,80,73,20
29.551000,53,80,73,21
29.578000,49,80,73,22
29.633000,74,80,73,23
29.821000,88,80,73,24
29.834000,113,80,73,25
29.848000,106,80,73,26
29.875000,35,80,73,27
29.902000,109,80,73,28
30.013000,88,80,74,0
30.040000,52,80,74,1
30.108000,81,80,74,2
30.148000,35,80,74,3
30.162000,65,80,74,4
30.202000,52,80,74,5
30.215000,65,80,74,6
30.323000,119,80,74,7
30.336000,58,80,74,8
30.418000,39,80,74,9
30.458000,118,80,74,10
30.498000,71,80,74,11
30.511000,94,80,74,12
30.619000,113,80,74,13
30.686000,61,80,74,14
30.700000,121,80,74,15
30.727000,54,80,74,16
30.767000,67,80,74,17
30.808000,109,80,74,18
30.821000,93,80,74,19
30.848000,107,80,74,20
30.875000,86,80,74,21
30.902000,72,80,74,22
30.915000,90,80,74,23
31.000000,59,80,75,0
31.043000,114,80,75,1
31.058000,72,80,75,2
31.072000,83,80,75,3
31.101000,119,80,75,4
31.115000,86,80,75,5
31.144000,92,80,75,6
31.159000,116,80,75,7
31.245000,101,80,75,8
31.303000,93,80,75,9
31.318000,102,80,75,10
31.347000,116,80,75,11
31.390000,49,80,75,12
31.448000,128,80,75,13
31.519000,136,80,75,14
31.548000,134,80,75,15
31.562000,40,80,75,16
31.576000,62,80,75,17
31.605000,107,80,75,18
31.620000,86,80,75,19
31.649000,27,80,75,20
31.678000,88,80,75,21
31.692000,50,80,75,22
31.721000,46,80,75,23
31.750000,41,80,75,24
31.793000,81,80,75,25
31.808000,131,80,75,26
31.822000,93,80,75,27
31.851000,134,80,75,28
32.029000,77,80,76,0
32.043000,84,80,76,1
32.058000,68,80,76,2
32.101000,71,80,76,3
32.130000,9,80,76,4
32.318000,29,80,76,5
32.332000,105,80,76,6
32.390000,129,80,76,7
32.419000,60,80,76,8
32.562000,144,80,76,9
32.576000,96,80,76,10
32.605000,102,80,76,11
32.678000,59,80,76,12
32.706000,94,80,76,13
32.764000,41,80,76,14
32.822000,80,80,76,15
32.836000,111,80,76,16
32.851000,50,80,76,17
32.865000,81,80,76,18
32.894000,106,80,76,19
32.909000,104,80,76,20
32.923000,90,80,76,21
33.031000,126,80,77,0
33.077000,113,80,77,1
33.140000,75,80,77,2
33.171000,79,80,77,3
33.187000,76,80,77,4
33.233000,91,80,77,5
33.264000,52,80,77,6
33.280000,16,80,77,7
33.342000,31,80,77,8
33.435000,52,80,77,9
33.451000,106,80,77,10
33.482000,24,80,77,11
33.497000,100,80,77,12
33.606000,119,80,77,13
33.761000,27,80,77,14
33.777000,82,80,77,15
33.839000,113,80,77,16
33.854000,59,80,77,17
33.886000,73,80,77,18
34.015000,91,80,78,0
34.046000,76,80,78,1
34.062000,57,80,78,2
34.156000,84,80,78,3
34.218000,104,80,78,4
34.264000,104,80,78,5
34.295000,27,80,78,6
34.326000,60,80,78,7
34.342000,48,80,78,8
34.357000,124,80,78,9
34.420000,96,80,78,10
34.451000,61,80,78,11
34.497000,124,80,78,12
34.513000,93,80,78,13
34.559000,97,80,78,14
34.575000,48,80,78,15
34.637000,124,80,78,16
34.653000,75,80,78,17
34.792000,80,80,78,18
34.886000,66,80,78,19
35.051000,58,80,79,0
35.101000,71,80,79,1
35.152000,64,80,79,2
35.185000,86,80,79,3
35.219000,26,80,79,4
35.253000,89,80,79,5
35.320000,135,80,79,6
35.337000,137,80,79,7
35.438000,91,80,79,8
35.455000,90,80,79,9
35.488000,105,80,79,10
35.522000,102,80,79,11
35.555000,15,80,79,12
35.589000,120,80,79,13
35.623000,48,80,79,14
35.639000,83,80,79,15
35.707000,84,80,79,16
35.842000,60,80,79,17
35.858000,103,80,79,18
35.875000,69,80,79,19
35.892000,60,80,79,20
35.909000,99,80,79,21
36.101000,151,80,80,0
36.135000,96,80,80,1
36.185000,104,80,80,2
36.202000,99,80,80,3
36.219000,65,80,80,4
36.320000,91,80,80,5
36.337000,75,80,80,6
36.371000,102,80,80,7
36.388000,79,80,80,8
36.404000,63,80,80,9
36.472000,53,80,80,10
36.505000,104,80,80,11
36.522000,132,80,80,12
36.538000,25,80,80,13
36.572000,66,80,80,14
36.589000,57,80,80,15
36.606000,52,80,80,16
36.639000,150,80,80,17
36.656000,96,80,80,18
36.673000,44,80,80,19
36.690000,11,80,80,20
36.757000,47,80,80,21
36.808000,71,80,80,22
36.825000,130,80,80,23
37.018000,151,80,81,0
37.055000,99,80,81,1
37.073000,103,80,81,2
37.129000,35,80,81,3
37.147000,63,80,81,4
37.184000,46,80,81,5
37.220000,46,80,81,6
37.276000,117,80,81,7
37.349000,74,80,81,8
37.386000,1,80,81,9
37.459000,1,80,81,10
37.478000,74,80,81,11
37.551000,92,80,81,12
37.661000,115,80,81,13
37.845000,106,80,81,14
38.000000,108,80,82,0
38.073000,74,80,82,1
38.110000,140,80,82,2
38.129000,25,80,82,3
38.184000,98,80,82,4
38.257000,119,80,82,5
38.276000,49,80,82,6
38.404000,114,80,82,7
38.459000,57,80,82,8
38.551000,75,80,82,9
38.569000,56,80,82,10
38.606000,117,80,82,11
38.753000,101,80,82,12
38.771000,44,80,82,13
38.845000,54,80,82,14
38.863000,108,80,82,15
38.900000,90,80,82,16
39.020000,89,80,83,0
39.040000,143,80,83,1
39.061000,86,80,83,2
39.121000,77,80,83,3
39.202000,65,80,83,4
39.283000,86,80,83,5
39.383000,77,80,83,6
39.464000,107,80,83,7
39.606000,35,80,83,8
39.627000,97,80,83,9
39.687000,83,80,83,10
39.748000,28,80,83,11
39.788000,60,80,83,12
40.061000,73,80,84,0
40.202000,74,80,84,1
40.222000,18,80,84,2
40.242000,56,80,84,3
40.262000,158,80,84,4
40.383000,87,80,84,5
40.424000,77,80,84,6
40.444000,109,80,84,7
40.464000,98,80,84,8
40.485000,103,80,84,9
40.505000,89,80,84,10
40.525000,56,80,84,11
40.627000,71,80,84,12
40.667000,142,80,84,13
40.728000,125,80,84,14
40.869000,91,80,84,15
41.061000,100,80,85,0
41.121000,100,80,85,1
41.202000,149,80,85,2
41.222000,63,80,85,3
41.262000,20,80,85,4
41.323000,107,80,85,5
41.424000,53,80,85,6
41.505000,105,80,85,7
41.647000,85,80,85,8
41.667000,30,80,85,9
41.707000,59,80,85,10
41.788000,64,80,85,11
42.022000,83,80,86,0
42.112000,74,80,86,1
42.224000,79,80,86,2
42.337000,84,80,86,3
42.381000,64,80,86,4
42.426000,105,80,86,5
42.538000,71,80,86,6
42.628000,94,80,86,7
42.763000,104,80,86,8
43.157000,96,80,87,0
43.179000,91,80,87,1
43.202000,89,80,87,2
43.224000,81,80,87,3
43.337000,106,80,87,4
43.359000,76,80,87,5
43.381000,45,80,87,6
43.404000,67,80,87,7
43.471000,72,80,87,8
43.538000,119,80,87,9
43.561000,155,80,87,10
43.606000,97,80,87,11
43.651000,61,80,87,12
43.696000,47,80,87,13
43.740000,67,80,87,14
43.785000,107,80,87,15
43.808000,71,80,87,16
43.853000,50,80,87,17
44.050000,78,80,88,0
44.101000,84,80,88,1
44.177000,17,80,88,2
44.202000,95,80,88,3
44.278000,115,80,88,4
44.429000,127,80,88,5
44.454000,86,80,88,6
44.832000,107,80,88,7
45.050000,90,80,89,0
45.151000,81,80,89,1
45.252000,82,80,89,2
45.303000,85,80,89,3
45.454000,47,80,89,4
45.504000,170,80,89,5
45.605000,103,80,89,6
45.781000,58,80,89,7
45.807000,48,80,89,8
46.252000,70,80,90,0
46.454000,76,80,90,1
46.554000,45,80,90,2
46.655000,65,80,90,3
46.756000,61,80,90,4
47.000000,63,80,91,0
47.101000,59,80,91,1
47.202000,101,80,91,2
47.404000,40,80,91,3
47.429000,89,80,91,4
47.454000,98,80,91,5
47.529000,58,80,91,6
47.655000,77,80,91,7
47.781000,122,80,91,8
47.832000,45,80,91,9
48.000000,86,80,92,0
48.076000,81,80,92,1
48.126000,78,80,92,2
48.151000,45,80,92,3
48.252000,39,80,92,4
48.328000,140,80,92,5
48.379000,73,80,92,6
48.404000,118,80,92,7
48.429000,84,80,92,8
48.554000,106,80,92,9
48.706000,51,80,92,10
48.781000,137,80,92,11
49.000000,64,80,93,0
49.025000,78,80,93,1
49.050000,59,80,93,2
49.177000,33,80,93,3
49.303000,94,80,93,4
49.404000,33,80,93,5
49.554000,63,80,93,6
49.579000,55,80,93,7
49.630000,101,80,93,8
49.655000,84,80,93,9
49.756000,72,80,93,10
49.832000,79,80,93,11
50.025000,69,80,94,0
50.050000,64,80,94,1
50.151000,59,80,94,2
50.177000,73,80,94,3
50.278000,75,80,94,4
50.303000,48,80,94,5
50.353000,65,80,94,6
50.379000,128,80,94,7
50.429000,58,80,94,8
50.479000,128,80,94,9
50.504000,52,80,94,10
50.605000,138,80,94,11
50.630000,94,80,94,12
50.731000,78,80,94,13
51.025000,131,80,95,0
51.050000,59,80,95,1
51.151000,91,80,95,2
51.278000,132,80,95,3
51.303000,66,80,95,4
51.379000,71,80,95,5
51.479000,20,80,95,6
51.605000,124,80,95,7
51.731000,69,80,95,8
51.807000,103,80,95,9
51.857000,94,80,95,10
52.050000,136,80,96,0
52.076000,81,80,96,1
52.202000,79,80,96,2
52.252000,85,80,96,3
52.429000,87,80,96,4
52.454000,79,80,96,5
52.479000,83,80,96,6
52.655000,67,80,96,7
52.680000,81,80,96,8
52.706000,58,80,96,9
52.807000,88,80,96,10
52.857000,80,80,96,11
53.025000,76,80,97,0
53.126000,115,80,97,1
53.252000,111,80,97,2
53.303000,115,80,97,3
53.379000,69,80,97,4
53.429000,16,80,97,5
53.605000,99,80,97,6
53.706000,85,80,97,7
53.756000,88,80,97,8
53.781000,82,80,97,9
53.807000,37,80,97,10
53.857000,102,80,97,11
54.101000,36,80,98,0
54.126000,71,80,98,1
54.151000,15,80,98,2
54.177000,44,80,98,3
54.278000,81,80,98,4
54.353000,83,80,98,5
54.605000,85,80,98,6
54.630000,125,80,98,7
54.655000,92,80,98,8
54.680000,87,80,98,9
54.756000,87,80,98,10
54.832000,67,80,98,11
54.857000,40,80,98,12
55.050000,38,80,99,0
55.177000,60,80,99,1
55.202000,55,80,99,2
55.379000,102,80,99,3
55.479000,90,80,99,4
55.504000,76,80,99,5
55.579000,82,80,99,6
55.630000,98,80,99,7
55.680000,45,80,99,8
55.706000,131,80,99,9
56.025000,58,80,100,0
56.050000,105,80,100,1
56.076000,29,80,100,2
56.151000,78,80,100,3
56.177000,103,80,100,4
56.202000,9,80,100,5
56.252000,115,80,100,6
56.353000,124,80,100,7
56.379000,62,80,100,8
56.429000,52,80,100,9
56.454000,117,80,100,10
56.529000,63,80,100,11
56.605000,90,80,100,12
56.630000,93,80,100,13
56.706000,68,80,100,14
56.807000,60,80,100,15
57.000000,79,80,101,0
57.076000,90,80,101,1
57.202000,77,80,101,2
57.227000,72,80,101,3
57.303000,80,80,101,4
57.328000,66,80,101,5
57.454000,29,80,101,6
57.529000,83,80,101,7
57.680000,60,80,101,8
57.832000,91,80,101,9
57.857000,88,80,101,10
58.151000,73,80,102,0
58.177000,42,80,102,1
58.202000,43,80,102,2
58.303000,71,80,102,3
58.328000,94,80,102,4
58.379000,79,80,102,5
58.429000,63,80,102,6
58.579000,148,80,102,7
58.807000,98,80,102,8
59.076000,61,80,103,0
59.101000,79,80,103,1
59.126000,35,80,103,2
59.177000,100,80,103,3
59.227000,60,80,103,4
59.303000,107,80,103,5
59.353000,57,80,103,6
59.479000,29,80,103,7
59.504000,83,80,103,8
59.605000,68,80,103,9
59.807000,103,80,103,10
60.000000,120,80,104,0
60.025000,107,80,104,1
60.050000,79,80,104,2
60.126000,80,80,104,3
60.429000,72,80,104,4
60.655000,76,80,104,5
60.756000,107,80,104,6
60.807000,59,80,104,7
61.101000,103,80,105,0
61.227000,127,80,105,1
61.278000,73,80,105,2
61.303000,114,80,105,3
61.328000,71,80,105,4
61.404000,117,80,105,5
61.554000,36,80,105,6
61.605000,72,80,105,7
61.655000,108,80,105,8
61.756000,89,80,105,9
61.807000,99,80,105,10
62.076000,79,80,106,0
62.151000,27,80,106,1
62.177000,43,80,106,2
62.202000,102,80,106,3
62.252000,61,80,106,4
62.353000,1,80,106,5
62.379000,48,80,106,6
62.504000,109,80,106,7
62.579000,84,80,106,8
62.680000,108,80,106,9
62.756000,47,80,106,10
63.050000,68,80,107,0
63.101000,91,80,107,1
63.126000,75,80,107,2
63.202000,70,80,107,3
63.227000,112,80,107,4
63.278000,88,80,107,5
63.328000,74,80,107,6
63.379000,85,80,107,7
63.504000,102,80,107,8
63.529000,65,80,107,9
63.756000,52,80,107,10
63.781000,145,80,107,11
64.000000,33,80,108,0
64.076000,84,80,108,1
64.101000,106,80,108,2
64.151000,82,80,108,3
64.227000,78,80,108,4
64.278000,86,80,108,5
64.303000,45,80,108,6
64.353000,82,80,108,7
64.454000,61,80,108,8
64.479000,70,80,108,9
64.504000,84,80,108,10
64.630000,1,80,108,11
64.655000,20,80,108,12
64.706000,60,80,108,13
64.832000,32,80,108,14
65.025000,103,80,109,0
65.050000,108,80,109,1
65.126000,126,80,109,2
65.151000,45,80,109,3
65.177000,49,80,109,4
65.227000,67,80,109,5
65.278000,74,80,109,6
65.328000,111,80,109,7
65.404000,49,80,109,8
65.504000,91,80,109,9
65.579000,82,80,109,10
65.630000,69,80,109,11
65.655000,110,80,109,12
65.781000,75,80,109,13
65.857000,97,80,109,14
66.000000,87,80,110,0
66.050000,119,80,110,1
66.101000,22,80,110,2
66.177000,98,80,110,3
66.227000,152,80,110,4
66.252000,41,80,110,5
66.278000,66,80,110,6
66.303000,92,80,110,7
66.328000,91,80,110,8
66.353000,82,80,110,9
66.404000,83,80,110,10
66.454000,44,80,110,11
66.504000,82,80,110,12
66.579000,102,80,110,13
66.680000,108,80,110,14
66.756000,75,80,110,15
67.025000,102,80,111,0
67.076000,61,80,111,1
67.126000,83,80,111,2
67.151000,105,80,111,3
67.252000,56,80,111,4
67.278000,90,80,111,5
67.353000,47,80,111,6
67.429000,80,80,111,7
67.529000,6,80,111,8
67.554000,67,80,111,9
67.756000,67,80,111,10
67.807000,70,80,111,11
68.076000,38,80,112,0
68.126000,11,80,112,1
68.177000,41,80,112,2
68.278000,38,80,112,3
68.303000,150,80,112,4
68.479000,100,80,112,5
68.554000,79,80,112,6
68.630000,62,80,112,7
68.655000,46,80,112,8
68.680000,75,80,112,9
68.781000,9,80,112,10
68.832000,16,80,112,11
69.076000,56,80,113,0
69.126000,62,80,113,1
69.379000,94,80,113,2
69.605000,143,80,113,3
69.630000,52,80,113,4
69.680000,8,80,113,5
69.731000,100,80,113,6
70.076000,91,80,114,0
70.202000,128,80,114,1
70.252000,43,80,114,2
70.278000,107,80,114,3
70.303000,43,80,114,4
70.353000,87,80,114,5
70.379000,72,80,114,6
70.404000,107,80,114,7
70.554000,61,80,114,8
70.579000,59,80,114,9
71.076000,83,80,115,0
71.101000,118,80,115,1
71.126000,39,80,115,2
71.328000,83,80,115,3
71.379000,77,80,115,4
71.429000,113,80,115,5
71.479000,98,80,115,6
71.605000,78,80,115,7
71.680000,44,80,115,8
71.807000,75,80,115,9
72.050000,51,80,116,0
72.076000,74,80,116,1
72.177000,37,80,116,2
72.202000,59,80,116,3
72.227000,54,80,116,4
72.278000,90,80,116,5
72.554000,72,80,116,6
72.579000,53,80,116,7
72.605000,80,80,116,8
72.781000,66,80,116,9
73.076000,80,80,117,0
73.101000,90,80,117,1
73.202000,60,80,117,2
73.227000,69,80,117,3
73.252000,99,80,117,4
73.278000,90,80,117,5
73.429000,87,80,117,6
73.554000,56,80,117,7
73.605000,31,80,117,8
73.630000,71,80,117,9
73.655000,83,80,117,10
73.706000,47,80,117,11
74.101000,90,80,118,0
74.126000,105,80,118,1
74.353000,134,80,118,2
74.404000,125,80,118,3
74.429000,44,80,118,4
74.479000,51,80,118,5
74.504000,90,80,118,6
74.529000,65,80,118,7
74.756000,55,80,118,8
74.807000,91,80,118,9
75.050000,56,80,119,0
75.101000,107,80,119,1
75.126000,104,80,119,2
75.151000,79,80,119,3
75.177000,68,80,119,4
75.278000,34,80,119,5
75.328000,65,80,119,6
75.379000,83,80,119,7
75.479000,63,80,119,8
75.504000,96,80,119,9
75.554000,18,80,119,10
75.579000,92,80,119,11
75.605000,92,80,119,12
75.630000,84,80,119,13
75.655000,42,80,119,14
75.731000,49,80,119,15
75.807000,144,80,119,16
75.857000,103,80,119,17
76.000000,71,80,120,0
76.227000,54,80,120,1
76.252000,33,80,120,2
76.328000,122,80,120,3
76.404000,120,80,120,4
76.429000,86,80,120,5
76.554000,109,80,120,6
76.630000,63,80,120,7
76.781000,46,80,120,8
77.126000,78,80,121,0
77.151000,102,80,121,1
77.227000,70,80,121,2
77.252000,52,80,121,3
77.278000,85,80,121,4
77.353000,124,80,121,5
77.429000,50,80,121,6
77.454000,53,80,121,7
77.479000,105,80,121,8
77.832000,78,80,121,9
77.857000,121,80,121,10
78.076000,124,80,122,0
78.151000,66,80,122,1
78.177000,42,80,122,2
78.202000,91,80,122,3
78.227000,72,80,122,4
78.252000,50,80,122,5
78.278000,107,80,122,6
78.379000,103,80,122,7
78.554000,119,80,122,8
78.579000,92,80,122,9
78.630000,103,80,122,10
78.680000,44,80,122,11
78.807000,88,80,122,12
78.832000,76,80,122,13
79.000000,21,80,123,0
79.050000,29,80,123,1
79.076000,33,80,123,2
79.101000,92,80,123,3
79.151000,103,80,123,4
79.202000,79,80,123,5
79.429000,19,80,123,6
79.529000,94,80,123,7
79.579000,108,80,123,8
79.630000,83,80,123,9
79.680000,41,80,123,10
79.706000,53,80,123,11
79.832000,101,80,123,12
80.151000,80,80,124,0
80.177000,128,80,124,1
80.202000,82,80,124,2
80.429000,90,80,124,3
80.554000,139,80,124,4
80.579000,74,80,124,5
80.680000,97,80,124,6
80.706000,79,80,124,7
80.731000,72,80,124,8
80.807000,94,80,124,9
81.126000,55,80,125,0
81.177000,62,80,125,1
81.227000,117,80,125,2
81.252000,74,80,125,3
81.404000,58,80,125,4
81.429000,18,80,125,5
81.554000,71,80,125,6
81.655000,74,80,125,7
81.706000,119,80,125,8
81.781000,79,80,125,9
81.807000,53,80,125,10
81.832000,105,80,125,11
82.050000,115,80,126,0
82.076000,88,80,126,1
82.101000,26,80,126,2
82.177000,126,80,126,3
82.379000,136,80,126,4
82.429000,105,80,126,5
82.479000,79,80,126,6
82.504000,61,80,126,7
82.554000,116,80,126,8
82.605000,21,80,126,9
82.630000,136,80,126,10
82.680000,54,80,126,11
82.731000,67,80,126,12
83.050000,104,80,127,0
83.076000,72,80,127,1
83.202000,62,80,127,2
83.227000,67,80,127,3
83.278000,121,80,127,4
83.529000,104,80,127,5
83.579000,69,80,127,6
83.605000,57,80,127,7
83.630000,100,80,127,8
83.655000,59,80,127,9
83.756000,85,80,127,10
83.807000,67,80,127,11
84.025000,107,80,128,0
84.101000,14,80,128,1
84.227000,54,80,128,2
84.404000,122,80,128,3
84.429000,73,80,128,4
84.479000,91,80,128,5
84.504000,67,80,128,6
84.605000,65,80,128,7
85.050000,106,80,129,0
85.076000,95,80,129,1
85.151000,65,80,129,2
85.177000,99,80,129,3
85.202000,59,80,129,4
85.278000,102,80,129,5
85.353000,36,80,129,6
85.404000,93,80,129,7
85.630000,81,80,129,8
85.655000,88,80,129,9
85.706000,55,80,129,10
85.731000,59,80,129,11
85.781000,23,80,129,12
85.832000,63,80,129,13
85.857000,116,80,129,14
86.000000,129,80,130,0
86.050000,52,80,130,1
86.076000,137,80,130,2
86.101000,45,80,130,3
86.151000,70,80,130,4
86.202000,109,80,130,5
86.252000,13,80,130,6
86.328000,121,80,130,7
86.404000,57,80,130,8
86.454000,27,80,130,9
86.504000,141,80,130,10
86.529000,100,80,130,11
86.680000,72,80,130,12
87.025000,76,80,131,0
87.101000,106,80,131,1
87.252000,74,80,131,2
87.278000,47,80,131,3
87.303000,98,80,131,4
87.379000,7,80,131,5
87.454000,104,80,131,6
87.479000,45,80,131,7
87.529000,72,80,131,8
87.605000,79,80,131,9
87.832000,104,80,131,10
88.000000,89,80,132,0
88.227000,71,80,132,1
88.404000,70,80,132,2
88.429000,96,80,132,3
88.454000,86,80,132,4
88.706000,76,80,132,5
88.807000,45,80,132,6
88.857000,96,80,132,7
89.050000,66,80,133,0
89.101000,64,80,133,1
89.177000,81,80,133,2
89.227000,108,80,133,3
89.303000,64,80,133,4
89.529000,126,80,133,5
89.731000,81,80,133,6
89.781000,133,80,133,7
89.832000,102,80,133,8
90.025000,87,80,134,0
90.076000,108,80,134,1
90.252000,45,80,134,2
90.303000,60,80,134,3
90.353000,54,80,134,4
90.429000,92,80,134,5
90.454000,97,80,134,6
90.504000,20,80,134,7
90.529000,58,80,134,8
90.554000,120,80,134,9
90.579000,123,80,134,10
90.605000,75,80,134,11
90.680000,65,80,134,12
90.731000,69,80,134,13
90.756000,17,80,134,14
90.832000,95,80,134,15
91.050000,48,80,135,0
91.177000,46,80,135,1
91.202000,66,80,135,2
91.303000,86,80,135,3
91.353000,85,80,135,4
91.429000,139,80,135,5
91.554000,135,80,135,6
92.050000,57,80,136,0
92.101000,81,80,136,1
92.151000,63,80,136,2
92.177000,115,80,136,3
92.202000,139,80,136,4
92.252000,15,80,136,5
92.303000,96,80,136,6
92.353000,83,80,136,7
92.504000,11,80,136,8
92.554000,78,80,136,9
92.579000,58,80,136,10
92.857000,57,80,136,11
93.126000,128,80,137,0
93.151000,80,80,137,1
93.227000,113,80,137,2
93.278000,113,80,137,3
93.328000,117,80,137,4
93.404000,50,80,137,5
93.504000,82,80,137,6
93.529000,45,80,137,7
93.630000,100,80,137,8
93.756000,54,80,137,9
94.000000,64,80,138,0
94.025000,106,80,138,1
94.101000,103,80,138,2
94.227000,112,80,138,3
94.353000,78,80,138,4
94.379000,75,80,138,5
94.454000,113,80,138,6
94.479000,49,80,138,7
94.756000,42,80,138,8
94.807000,82,80,138,9
94.832000,72,80,138,10
94.857000,56,80,138,11
95.025000,127,80,139,0
95.076000,92,80,139,1
95.126000,52,80,139,2
95.202000,54,80,139,3
95.379000,109,80,139,4
95.429000,15,80,139,5
95.479000,127,80,139,6
95.781000,58,80,139,7
96.025000,64,80,140,0
96.050000,71,80,140,1
96.227000,68,80,140,2
96.252000,87,80,140,3
96.278000,70,80,140,4
96.303000,29,80,140,5
96.454000,91,80,140,6
96.504000,68,80,140,7
96.529000,48,80,140,8
96.731000,97,80,140,9
96.781000,83,80,140,10
96.832000,65,80,140,11
97.000000,25,80,141,0
97.101000,94,80,141,1
97.126000,87,80,141,2
97.177000,79,80,141,3
97.278000,90,80,141,4
97.328000,71,80,141,5
97.404000,71,80,141,6
97.579000,74,80,141,7
97.605000,32,80,141,8
97.756000,94,80,141,9
98.086000,93,80,142,0
98.115000,63,80,142,1
98.144000,35,80,142,2
98.173000,66,80,142,3
98.230000,135,80,142,4
98.402000,127,80,142,5
98.460000,42,80,142,6
98.488000,125,80,142,7
98.517000,51,80,142,8
98.661000,83,80,142,9
98.719000,81,80,142,10
99.029000,87,80,143,0
99.115000,60,80,143,1
99.230000,57,80,143,2
99.316000,30,80,143,3
99.546000,34,80,143,4
99.632000,55,80,143,5
99.690000,95,80,143,6
99.747000,72,80,143,7
100.000000,84,80,144,0
100.058000,60,80,144,1
100.115000,89,80,144,2
100.173000,53,80,144,3
100.230000,117,80,144,4
100.287000,85,80,144,5
100.373000,59,80,144,6
100.402000,113,80,144,7
100.460000,64,80,144,8
100.488000,106,80,144,9
100.517000,63,80,144,10
100.575000,113,80,144,11
100.632000,83,80,144,12
100.776000,52,80,144,13
100.804000,73,80,144,14
100.833000,97,80,144,15
101.144000,81,80,145,0
101.173000,140,80,145,1
101.316000,2,80,145,2
101.373000,88,80,145,3
101.517000,48,80,145,4
101.546000,125,80,145,5
101.632000,84,80,145,6
101.690000,74,80,145,7
101.719000,64,80,145,8
101.776000,139,80,145,9
102.086000,47,80,146,0
102.230000,116,80,146,1
102.287000,109,80,146,2
102.345000,77,80,146,3
102.604000,81,80,146,4
102.719000,91,80,146,5
102.804000,74,80,146,6
103.115000,82,80,147,0
103.144000,55,80,147,1
103.230000,71,80,147,2
103.345000,103,80,147,3
103.373000,60,80,147,4
103.402000,43,80,147,5
103.488000,74,80,147,6
103.575000,107,80,147,7
103.690000,63,80,147,8
103.747000,80,80,147,9
103.804000,51,80,147,10
104.517000,100,80,148,0
104.632000,98,80,148,1
104.719000,106,80,148,2
104.804000,73,80,148,3
105.029000,110,80,149,0
105.058000,41,80,149,1
105.173000,62,80,149,2
105.287000,86,80,149,3
105.402000,89,80,149,4
105.460000,64,80,149,5
105.575000,71,80,149,6
105.661000,41,80,149,7
105.804000,125,80,149,8
106.173000,85,80,150,0
106.259000,63,80,150,1
106.287000,107,80,150,2
106.345000,12,80,150,3
106.402000,66,80,150,4
106.517000,82,80,150,5
106.690000,52,80,150,6
106.747000,92,80,150,7
106.804000,49,80,150,8
107.058000,89,80,151,0
107.173000,36,80,151,1
107.316000,107,80,151,2
107.373000,20,80,151,3
107.402000,93,80,151,4
107.488000,95,80,151,5
107.604000,93,80,151,6
107.661000,84,80,151,7
107.690000,101,80,151,8
108.144000,104,80,152,0
108.230000,92,80,152,1
108.345000,96,80,152,2
108.373000,44,80,152,3
108.661000,56,80,152,4
108.690000,88,80,152,5
108.776000,100,80,152,6
108.804000,73,80,152,7
109.100000,112,80,153,0
109.167000,74,80,153,1
109.433000,121,80,153,2
109.500000,90,80,153,3
109.533000,87,80,153,4
109.600000,79,80,153,5
109.700000,66,80,153,6
109.733000,12,80,153,7
110.000000,69,80,154,0
110.100000,81,80,154,1
110.300000,112,80,154,2
110.367000,104,80,154,3
110.400000,70,80,154,4
110.633000,72,80,154,5
111.233000,111,80,155,0
111.267000,25,80,155,1
111.333000,60,80,155,2
111.667000,115,80,155,3
112.033000,111,80,156,0
112.067000,133,80,156,1
112.133000,62,80,156,2
112.200000,101,80,156,3
112.267000,58,80,156,4
112.300000,60,80,156,5
112.433000,102,80,156,6
112.467000,67,80,156,7
112.633000,55,80,156,8
112.800000,86,80,156,9
113.000000,37,80,157,0
113.079000,67,80,157,1
113.158000,90,80,157,2
113.276000,100,80,157,3
113.553000,83,80,157,4
113.632000,38,80,157,5
114.000000,79,80,158,0
114.158000,77,80,158,1
114.276000,59,80,158,2
114.395000,89,80,158,3
114.434000,79,80,158,4
114.632000,53,80,158,5
115.079000,72,80,159,0
115.158000,90,80,159,1
115.197000,89,80,159,2
115.237000,81,80,159,3
115.316000,139,80,159,4
116.048000,84,80,160,0
116.143000,70,80,160,1
116.333000,52,80,160,2
116.476000,84,80,160,3
117.000000,52,80,161,0
117.524000,136,80,161,1
117.619000,18,80,161,2
118.190000,94,80,162,0
118.476000,97,80,162,1
118.572000,35,80,162,2
119.048000,43,80,163,0
119.143000,48,80,163,1
119.428000,82,80,163,2
119.476000,123,80,163,3
119.572000,60,80,163,4
119.619000,42,80,163,5
120.389000,78,80,164,0
120.444000,56,80,164,1
121.111000,48,80,165,0
121.222000,109,80,165,1
121.444000,42,80,165,2
122.000000,112,80,166,0
122.278000,62,80,166,1
122.333000,80,80,166,2
123.444000,89,80,167,0
124.000000,98,80,168,0
124.200000,119,80,168,1
125.000000,83,80,169,0
125.200000,90,80,169,1
126.600000,125,80,170,0
126.800000,64,80,170,1
135.200000,33,80,179,0
135.800000,104,80,179,1
136.600000,73,80,180,0
136.800000,39,80,180,1
